__run_id,__done,run_number,compression_algorithm,payload_size (S/L),execution_time (in s),cpu_utilisation (in %),cpu_time (in s),data_sent (in MB),compression_ratio,executiontime (in s),total_energy (in j),energy_per_phase (in j),energy_per_mb (in j/mb),network_energy (in j)
1,FALSE,1,baseline,S,,,,,,,,,,
2,FALSE,2,zip,L,,,,,,,,,,
3,FALSE,3,tar.gz,L,,,,,,,,,,
4,FALSE,4,tar.zst,L,,,,,,,,,,
5,FALSE,5,tar.br,S,,,,,,,,,,
6,FALSE,6,baseline,S,,,,,,,,,,
7,FALSE,7,zip,S,,,,,,,,,,
8,FALSE,8,tar.gz,S,,,,,,,,,,
9,FALSE,9,baseline,L,,,,,,,,,,
10,FALSE,10,tar.zst,L,,,,,,,,,,
11,FALSE,11,tar.br,L,,,,,,,,,,
12,FALSE,12,baseline,S,,,,,,,,,,
13,FALSE,13,tar.gz,S,,,,,,,,,,
14,FALSE,14,tar.zst,S,,,,,,,,,,
15,FALSE,15,tar.br,L,,,,,,,,,,
16,FALSE,16,baseline,L,,,,,,,,,,
17,FALSE,17,tar.gz,S,,,,,,,,,,
18,FALSE,18,tar.br,L,,,,,,,,,,
19,FALSE,19,zip,S,,,,,,,,,,
20,FALSE,20,tar.br,S,,,,,,,,,,
21,FALSE,21,tar.gz,S,,,,,,,,,,
22,FALSE,22,zip,L,,,,,,,,,,
23,FALSE,23,tar.zst,L,,,,,,,,,,
24,FALSE,24,tar.gz,L,,,,,,,,,,
25,FALSE,25,tar.zst,S,,,,,,,,,,
26,FALSE,26,baseline,L,,,,,,,,,,
27,FALSE,27,tar.br,S,,,,,,,,,,
28,FALSE,28,tar.zst,L,,,,,,,,,,
29,FALSE,29,zip,S,,,,,,,,,,
30,FALSE,30,tar.gz,S,,,,,,,,,,
31,FALSE,31,tar.br,L,,,,,,,,,,
32,FALSE,32,tar.gz,S,,,,,,,,,,
33,FALSE,33,baseline,L,,,,,,,,,,
34,FALSE,34,zip,S,,,,,,,,,,
35,FALSE,35,tar.zst,L,,,,,,,,,,
36,FALSE,36,tar.gz,S,,,,,,,,,,
37,FALSE,37,tar.br,S,,,,,,,,,,
38,FALSE,38,tar.gz,L,,,,,,,,,,
39,FALSE,39,baseline,L,,,,,,,,,,
40,FALSE,40,tar.zst,S,,,,,,,,,,
41,FALSE,41,tar.gz,L,,,,,,,,,,
42,FALSE,42,zip,S,,,,,,,,,,
43,FALSE,43,tar.br,S,,,,,,,,,,
44,FALSE,44,baseline,L,,,,,,,,,,
45,FALSE,45,tar.gz,S,,,,,,,,,,
46,FALSE,46,tar.br,L,,,,,,,,,,
47,FALSE,47,tar.zst,S,,,,,,,,,,
48,FALSE,48,zip,S,,,,,,,,,,
49,FALSE,49,baseline,L,,,,,,,,,,
50,FALSE,50,tar.br,L,,,,,,,,,,
51,FALSE,51,tar.gz,S,,,,,,,,,,
52,FALSE,52,tar.br,S,,,,,,,,,,
53,FALSE,53,baseline,S,,,,,,,,,,
54,FALSE,54,tar.zst,L,,,,,,,,,,
55,FALSE,55,tar.gz,S,,,,,,,,,,
56,FALSE,56,tar.br,S,,,,,,,,,,
57,FALSE,57,zip,L,,,,,,,,,,
58,FALSE,58,baseline,L,,,,,,,,,,
59,FALSE,59,tar.zst,S,,,,,,,,,,
60,FALSE,60,tar.gz,L,,,,,,,,,,
61,FALSE,61,tar.br,S,,,,,,,,,,
62,FALSE,62,tar.zst,L,,,,,,,,,,
63,FALSE,63,baseline,S,,,,,,,,,,
64,FALSE,64,zip,S,,,,,,,,,,
65,FALSE,65,tar.gz,L,,,,,,,,,,
66,FALSE,66,tar.br,S,,,,,,,,,,
67,FALSE,67,tar.zst,L,,,,,,,,,,
68,FALSE,68,zip,L,,,,,,,,,,
69,FALSE,69,baseline,L,,,,,,,,,,
70,FALSE,70,tar.gz,S,,,,,,,,,,
71,FALSE,71,tar.br,S,,,,,,,,,,
72,FALSE,72,tar.gz,L,,,,,,,,,,
73,FALSE,73,tar.zst,S,,,,,,,,,,
74,FALSE,74,zip,L,,,,,,,,,,
75,FALSE,75,baseline,L,,,,,,,,,,
76,FALSE,76,zip,S,,,,,,,,,,
77,FALSE,77,tar.zst,L,,,,,,,,,,
78,FALSE,78,tar.gz,S,,,,,,,,,,
79,FALSE,79,tar.zst,L,,,,,,,,,,
80,FALSE,80,baseline,L,,,,,,,,,,
81,FALSE,81,zip,S,,,,,,,,,,
82,FALSE,82,tar.br,L,,,,,,,,,,
83,FALSE,83,tar.gz,L,,,,,,,,,,
84,FALSE,84,baseline,L,,,,,,,,,,
85,FALSE,85,zip,S,,,,,,,,,,
86,FALSE,86,tar.br,S,,,,,,,,,,
87,FALSE,87,tar.zst,S,,,,,,,,,,
88,FALSE,88,zip,L,,,,,,,,,,
89,FALSE,89,baseline,L,,,,,,,,,,
90,FALSE,90,zip,L,,,,,,,,,,
91,FALSE,91,tar.br,L,,,,,,,,,,
92,FALSE,92,tar.zst,S,,,,,,,,,,
93,FALSE,93,zip,L,,,,,,,,,,
94,FALSE,94,baseline,S,,,,,,,,,,
95,FALSE,95,zip,L,,,,,,,,,,
96,FALSE,96,tar.zst,S,,,,,,,,,,
97,FALSE,97,tar.br,L,,,,,,,,,,
98,FALSE,98,tar.zst,S,,,,,,,,,,
99,FALSE,99,baseline,L,,,,,,,,,,
100,FALSE,100,zip,S,,,,,,,,,,